{
"x": [  0.0        ,   0.25714286,   0.51428571,   0.77142857,
      1.02857143,   1.28571429,   1.54285714,   1.8       ,
      2.05714286,   2.31428571,   2.57142857,   2.82857143,
      3.08571429,   3.34285714,   3.6       ,   3.85714286,
      4.11428571,   4.37142857,   4.62857143,   4.88571429,
      5.14285714,   5.4       ,   5.65714286,   5.91428571,
      6.17142857,   6.42857143,   6.68571429,   6.94285714,
      7.2       ,   7.45714286,   7.71428571,   7.97142857,
      8.22857143,   8.48571429,   8.74285714,   9.0       ,
      9.25714286,   9.51428571,   9.77142857,  10.02857143,
      10.28571429,  10.54285714,  10.8       ,  11.05714286,
      11.31428571,  11.57142857,  11.82857143,  12.08571429,
      12.34285714,  12.6       ],
"y": [ 1.0        ,  0.95802277,  0.83561524,  0.64305408,  0.39650565,
  0.1166688 , -0.17296291, -0.44807362, -0.68556654, -0.86550309,
  -0.97277678, -0.99838152, -0.94016766, -0.80302253, -0.59846007,
  -0.34365421, -0.05999704,  0.22869714,  0.49819118,  0.72585985,
  0.89258933,  0.98438195,  0.99353131,  0.91926927,  0.76783047,
  0.55192887,  0.28969037,  0.00313107, -0.28369109, -0.54669612,
  -0.76380357, -0.91678629, -0.99280071, -0.98546507, -0.89539523,
  -0.73015296, -0.50361109, -0.23478882,  0.05374503,  0.33776674,
  0.59343142,  0.79927489,  0.93801565,  0.99800581,  0.97420892,
  0.86862283,  0.69011198,  0.45366314,  0.17912726, -0.11044716]}
